cat__plan_type_Basic,cat__plan_type_Pro,cat__plan_type_Standard,cat__contract_type_Annual,cat__contract_type_Monthly,cat__autopay_No,cat__autopay_Yes,cat__is_promo_user_No,cat__is_promo_user_Yes,num__add_on_count,num__tenure_months,num__monthly_usage_gb,num__avg_latency_ms,num__support_tickets_30d,num__discount_pct,num__payment_failures_90d,num__downtime_hours_30d
-0.48023752166252515,0.18259879296170223,0.1190894795684948,0.2280990039486095,0.2242713045530442,-0.20238941663693522,-0.20647229599220734,-0.051023342638645004,-0.0483439530617478,0.01318152372530521,-0.1630932549482723,-0.6382388851293431,-0.46307184769500637,1.6512155733919636,0.8624406605477629,-0.1403609335168559,-0.5063982359328981
0.6910735067826582,0.18259879296170223,-0.10144659370649557,0.2280990039486095,0.2242713045530442,0.4300775103534873,0.43875362898344067,-0.051023342638645004,-0.0483439530617478,-0.20651053836311475,0.7778293697532989,-0.3973742966082336,-0.8779370451709121,0.19640009022723806,0.14987608284374512,-0.1403609335168559,-0.6272982240478466
0.6910735067826582,0.18259879296170223,-0.10144659370649557,-0.5322310092134221,-0.5232997106237697,-0.20238941663693522,-0.20647229599220734,-0.051023342638645004,-0.0483439530617478,0.01318152372530521,-0.6858280464491451,1.3421586081368813,2.687846470324473,0.19640009022723806,0.10237177766347723,-0.1403609335168559,-0.7222910718524488
-0.48023752166252515,0.18259879296170223,0.1190894795684948,-0.5322310092134221,-0.5232997106237697,-0.20238941663693522,-0.20647229599220734,-0.051023342638645004,-0.0483439530617478,0.23287358581372514,-1.6267506711507163,3.426300782268626,-0.5830741775434087,0.19640009022723806,0.18550431172894602,-0.1403609335168559,-0.09188399096736084
-0.48023752166252515,0.18259879296170223,0.1190894795684948,0.2280990039486095,0.2242713045530442,-0.20238941663693522,-0.20647229599220734,0.19194495564061698,0.18186534723228936,-0.20651053836311475,-0.5812810881489706,2.872593706486374,-0.2162099120068642,0.9238078318096009,-0.5270602659750718,0.46990399481730033,0.21036597932001022
-0.48023752166252515,0.18259879296170223,0.1190894795684948,0.2280990039486095,0.2242713045530442,-0.20238941663693522,-0.20647229599220734,-0.051023342638645004,-0.0483439530617478,0.01318152372530521,-0.5812810881489706,-1.438440105758742,-1.2310867587247818,0.9238078318096009,-0.24797247304099823,-0.1403609335168559,-0.5668482299903723
0.6910735067826582,0.18259879296170223,-0.10144659370649557,0.2280990039486095,0.2242713045530442,-0.20238941663693522,-0.20647229599220734,0.19194495564061698,0.18186534723228936,-0.4262026004515347,-0.7903750047493197,-3.0046630978951785,0.17465481949936085,0.19640009022723806,-1.0139793940728175,-0.1403609335168559,0.7198730720901501
0.6910735067826582,0.18259879296170223,-0.10144659370649557,0.2280990039486095,0.2242713045530442,-0.20238941663693522,-0.20647229599220734,-0.051023342638645004,-0.0483439530617478,0.23287358581372514,-0.1630932549482723,1.7446718854484533,-0.6036460055174209,0.19640009022723806,-0.8180241352042124,-0.1403609335168559,2.023865801044236
0.6910735067826582,0.18259879296170223,-0.10144659370649557,0.2280990039486095,0.2242713045530442,-0.20238941663693522,-0.20647229599220734,-0.051023342638645004,-0.0483439530617478,0.01318152372530521,1.0914702446538225,-0.3205710638744573,-1.711096078118391,-0.5310076513551248,0.33395526541728304,-0.1403609335168559,-0.6186625106110646
-0.48023752166252515,0.18259879296170223,0.1190894795684948,-0.5322310092134221,-0.5232997106237697,-0.20238941663693522,-0.20647229599220734,-0.051023342638645004,-0.0483439530617478,-0.4262026004515347,1.196017202953997,2.26540584560678,0.6032345689579407,0.19640009022723806,-0.6101928000405406,-0.1403609335168559,-0.6704767912317566
0.6910735067826582,0.18259879296170223,-0.10144659370649557,-0.5322310092134221,-0.5232997106237697,-0.20238941663693522,-0.20647229599220734,-0.051023342638645004,-0.0483439530617478,0.23287358581372514,0.255094578252426,-0.8175804652302037,-0.733934249352829,-0.5310076513551248,-0.06983132861499378,-0.1403609335168559,-0.10915541784092492
-0.48023752166252515,0.18259879296170223,0.1190894795684948,0.2280990039486095,0.2242713045530442,0.4300775103534873,0.43875362898344067,-0.051023342638645004,-0.0483439530617478,0.23287358581372514,-0.2676402132484469,-5.821853927910036,-1.5088064363739413,1.6512155733919636,0.21519450246661342,-0.1403609335168559,2.049772941354582
-0.48023752166252515,-1.2220073067436994,-0.10144659370649557,0.2280990039486095,0.2242713045530442,-0.20238941663693522,-0.20647229599220734,-0.051023342638645004,-0.0483439530617478,0.01318152372530521,0.255094578252426,3.352714438864013,-1.5430928163306274,0.19640009022723806,-0.06983132861499378,0.46990399481730033,-0.014162570036322509
0.6910735067826582,0.18259879296170223,-0.10144659370649557,0.2280990039486095,0.2242713045530442,-0.20238941663693522,-0.20647229599220734,-0.051023342638645004,-0.0483439530617478,-0.20651053836311475,0.4641884948527751,2.8263509223796506,-1.9030998058758348,0.9238078318096009,-0.06983132861499378,0.46990399481730033,0.6680587914694577
-0.48023752166252515,-1.2220073067436994,-0.10144659370649557,0.2280990039486095,0.2242713045530442,0.4300775103534873,0.43875362898344067,-0.051023342638645004,-0.0483439530617478,0.01318152372530521,-0.5812810881489706,1.0606807918350827,-0.3362122418552666,-0.5310076513551248,-0.8774045166795472,0.46990399481730033,1.5575372754580064
-0.48023752166252515,0.18259879296170223,0.1190894795684948,0.2280990039486095,0.2242713045530442,-0.20238941663693522,-0.20647229599220734,-0.051023342638645004,-0.0483439530617478,0.01318152372530521,-0.5812810881489706,-0.6692014449225414,0.4660890491311952,1.6512155733919636,0.29832703653208215,-0.1403609335168559,-0.4459482418754239
0.6910735067826582,0.18259879296170223,-0.10144659370649557,0.2280990039486095,0.2242713045530442,-0.20238941663693522,-0.20647229599220734,-0.051023342638645004,-0.0483439530617478,0.23287358581372514,0.15054761995225138,-0.5397216494237143,-1.8825279779018231,-0.5310076513551248,0.33395526541728304,-0.1403609335168559,-0.09188399096736084
-0.48023752166252515,0.18259879296170223,0.1190894795684948,0.2280990039486095,0.2242713045530442,-0.20238941663693522,-0.20647229599220734,-0.051023342638645004,-0.0483439530617478,0.01318152372530521,1.8232989527550447,0.4217261488300002,-2.842546616689042,-0.5310076513551248,0.8089983172199616,-0.1403609335168559,-0.005526856599540475
-0.48023752166252515,-1.2220073067436994,-0.10144659370649557,0.2280990039486095,0.2242713045530442,-0.20238941663693522,-0.20647229599220734,-0.051023342638645004,-0.0483439530617478,0.23287358581372514,1.3005641612541716,-2.1168016430460765,0.75409464076736,0.19640009022723806,-0.5983167237454735,-0.1403609335168559,-0.9381839077719997
-0.48023752166252515,0.18259879296170223,0.1190894795684948,0.2280990039486095,0.2242713045530442,-0.20238941663693522,-0.20647229599220734,-0.051023342638645004,-0.0483439530617478,-0.20651053836311475,0.8823763280534735,-2.7107198354428714,0.7815237447327096,-0.5310076513551248,0.06674354877827636,-0.1403609335168559,1.8166086785614675
0.6910735067826582,0.18259879296170223,-0.10144659370649557,0.2280990039486095,0.2242713045530442,-0.20238941663693522,-0.20647229599220734,0.19194495564061698,0.18186534723228936,0.23287358581372514,0.986923286353648,-0.3330365100249656,0.6615214148843073,-0.5310076513551248,0.3814595705975509,-0.1403609335168559,-0.7481982121627949
-0.48023752166252515,0.18259879296170223,0.1190894795684948,0.2280990039486095,0.2242713045530442,-0.20238941663693522,-0.20647229599220734,0.19194495564061698,0.18186534723228936,-0.20651053836311475,1.196017202953997,-1.8007422664557717,2.4992713805626976,0.19640009022723806,0.04299139618814241,1.0801689231514566,-0.6359339374846287
0.6910735067826582,0.18259879296170223,-0.10144659370649557,-0.5322310092134221,-0.5232997106237697,-0.20238941663693522,-0.20647229599220734,-0.051023342638645004,-0.0483439530617478,0.23287358581372514,-3.613142878854033,-0.20677360385530105,-1.131656256850391,2.3786233149743263,-0.12921171009032859,-0.1403609335168559,0.11537313151540785
-0.48023752166252515,0.18259879296170223,0.1190894795684948,0.2280990039486095,0.2242713045530442,0.4300775103534873,0.43875362898344067,-0.051023342638645004,-0.0483439530617478,-1.3049708488052147,-1.208562837950018,1.5456268582064672,0.9700988344944848,0.19640009022723806,-1.1564923096136213,-0.1403609335168559,-0.7309267852892308
-0.48023752166252515,-1.2220073067436994,-0.10144659370649557,0.2280990039486095,0.2242713045530442,-0.20238941663693522,-0.20647229599220734,0.19194495564061698,0.18186534723228936,0.01318152372530521,-2.3585793792519385,0.8053402013327372,-1.690524250144379,-0.5310076513551248,-0.7111394485486099,-0.1403609335168559,-1.007269615266256
0.6910735067826582,0.18259879296170223,-0.10144659370649557,0.2280990039486095,0.2242713045530442,-0.20238941663693522,-0.20647229599220734,0.19194495564061698,0.18186534723228936,0.01318152372530521,0.986923286353648,-1.3564094278650751,1.8306869714073133,0.9238078318096009,0.12612393025361118,-0.1403609335168559,0.09810170464184376
0.6910735067826582,0.18259879296170223,-0.10144659370649557,0.2280990039486095,0.2242713045530442,0.4300775103534873,0.43875362898344067,-0.051023342638645004,-0.0483439530617478,-0.6458946625399548,-0.6858280464491451,-2.5386162563326287,2.142693029013159,-0.5310076513551248,-1.6493494758589,0.46990399481730033,-0.022798283473104544
0.6910735067826582,0.18259879296170223,-0.10144659370649557,0.2280990039486095,0.2242713045530442,0.4300775103534873,0.43875362898344067,-0.051023342638645004,-0.0483439530617478,0.23287358581372514,1.7187519944548701,1.1640233615344575,0.2123698374517157,-0.5310076513551248,0.03111531989307549,-0.1403609335168559,0.12400884495218986
0.6910735067826582,0.18259879296170223,-0.10144659370649557,0.2280990039486095,0.2242713045530442,-0.20238941663693522,-0.20647229599220734,0.19194495564061698,0.18186534723228936,-0.20651053836311475,-0.47673412984879604,-1.949523397929579,2.5027000185583663,0.19640009022723806,0.6367952109414906,-0.1403609335168559,-0.8604624868409613
0.6910735067826582,0.18259879296170223,-0.10144659370649557,0.2280990039486095,0.2242713045530442,0.4300775103534873,0.43875362898344067,-0.051023342638645004,-0.0483439530617478,0.23287358581372514,0.255094578252426,-1.2864420849557705,-0.2059239980198584,-0.5310076513551248,0.02517728174554203,-0.1403609335168559,-0.4200411015650779
-0.48023752166252515,0.18259879296170223,0.1190894795684948,-0.5322310092134221,-0.5232997106237697,-0.20238941663693522,-0.20647229599220734,-0.051023342638645004,-0.0483439530617478,0.23287358581372514,1.196017202953997,2.688828903557914,0.4523744971485204,-0.5310076513551248,0.5655387531710889,-0.1403609335168559,0.7285087855269319
0.6910735067826582,0.18259879296170223,-0.10144659370649557,0.2280990039486095,0.2242713045530442,-0.20238941663693522,-0.20647229599220734,-0.051023342638645004,-0.0483439530617478,0.23287358581372514,0.8823763280534735,0.27214079502390165,-0.874508407175243,-0.5310076513551248,-0.028265061582259443,0.46990399481730033,-0.3682268209443857
-0.48023752166252515,0.18259879296170223,0.1190894795684948,0.2280990039486095,0.2242713045530442,-0.20238941663693522,-0.20647229599220734,-0.051023342638645004,-0.0483439530617478,-0.6458946625399548,-2.985861129052986,1.3586451659488437,-0.5590737115737281,-0.5310076513551248,0.7614940120396938,-0.1403609335168559,-0.6877482181053207
-0.48023752166252515,0.18259879296170223,0.1190894795684948,-0.5322310092134221,-0.5232997106237697,-0.20238941663693522,-0.20647229599220734,-0.051023342638645004,-0.0483439530617478,0.23287358581372514,-0.2676402132484469,0.20418400794532465,-0.2607822059505569,-0.5310076513551248,0.6724234398266915,0.46990399481730033,0.40035167492921486
-0.48023752166252515,0.18259879296170223,0.1190894795684948,-0.5322310092134221,-0.5232997106237697,0.4300775103534873,0.43875362898344067,0.19194495564061698,0.18186534723228936,0.23287358581372514,1.3005641612541716,3.2461549798354756,1.9541179392513839,0.19640009022723806,0.12018589210607772,-0.1403609335168559,-0.10915541784092492
0.6910735067826582,0.18259879296170223,-0.10144659370649557,0.2280990039486095,0.2242713045530442,0.4300775103534873,0.43875362898344067,-0.051023342638645004,-0.0483439530617478,-0.20651053836311475,-2.3585793792519385,1.2922968235348484,-0.20249536002418997,-0.5310076513551248,0.713989706859426,0.46990399481730033,-0.7481982121627949
-0.48023752166252515,0.18259879296170223,0.1190894795684948,0.2280990039486095,0.2242713045530442,0.4300775103534873,0.43875362898344067,0.19194495564061698,0.18186534723228936,-0.20651053836311475,-0.9994689213496689,0.07993165760638778,-0.4596432096993379,-0.5310076513551248,-0.42017557931946914,-0.1403609335168559,-0.9122767674616535
-0.48023752166252515,-1.2220073067436994,-0.10144659370649557,0.2280990039486095,0.2242713045530442,0.4300775103534873,0.43875362898344067,-0.051023342638645004,-0.0483439530617478,0.23287358581372514,-0.1630932549482723,0.12295755238394811,0.058081127646626915,0.19640009022723806,-0.004512908992125381,-0.1403609335168559,0.1067374180786258
0.6910735067826582,0.18259879296170223,-0.10144659370649557,0.2280990039486095,0.2242713045530442,-0.20238941663693522,-0.20647229599220734,-0.051023342638645004,-0.0483439530617478,0.01318152372530521,1.7187519944548701,-0.2731219462692966,0.10951069758165652,-0.5310076513551248,0.7852461646298278,0.46990399481730033,0.7889587795844063
-0.48023752166252515,0.18259879296170223,0.1190894795684948,0.2280990039486095,0.2242713045530442,-0.20238941663693522,-0.20647229599220734,-0.051023342638645004,-0.0483439530617478,-0.6458946625399548,-1.208562837950018,2.8038326970755065,-0.884794321162249,-0.5310076513551248,-0.3311050071064669,0.46990399481730033,2.4297443325729913
-0.48023752166252515,0.18259879296170223,0.1190894795684948,-0.5322310092134221,-0.5232997106237697,0.4300775103534873,0.43875362898344067,-0.051023342638645004,-0.0483439530617478,0.01318152372530521,0.5687354531529496,-0.4979020881445901,0.24665621740840207,-0.5310076513551248,0.19144234987647946,-0.1403609335168559,0.0808302777682797
-0.48023752166252515,-1.2220073067436994,-0.10144659370649557,0.2280990039486095,0.2242713045530442,-0.20238941663693522,-0.20647229599220734,0.19194495564061698,0.18186534723228936,0.23287358581372514,-1.208562837950018,3.739947491862059,-1.1213703428633852,0.9238078318096009,0.07268158692580982,-0.1403609335168559,0.21036597932001022
-0.48023752166252515,-1.2220073067436994,-0.10144659370649557,0.2280990039486095,0.2242713045530442,-0.20238941663693522,-0.20647229599220734,-0.051023342638645004,-0.0483439530617478,0.23287358581372514,1.6142050361546953,-0.682873224571486,-1.567093282300308,-0.5310076513551248,0.47053014281055316,-0.1403609335168559,-0.45458395531220597
-0.48023752166252515,-1.2220073067436994,-0.10144659370649557,0.2280990039486095,0.2242713045530442,-0.20238941663693522,-0.20647229599220734,-0.051023342638645004,-0.0483439530617478,-0.20651053836311475,1.0914702446538225,2.628914339802246,0.6615214148843073,0.19640009022723806,0.6724234398266915,-0.1403609335168559,1.3243730126648916
-0.48023752166252515,0.18259879296170223,0.1190894795684948,0.2280990039486095,0.2242713045530442,0.4300775103534873,0.43875362898344067,-0.051023342638645004,-0.0483439530617478,0.23287358581372514,1.5096580778545208,-1.9945598485378668,0.6066632069536092,-0.5310076513551248,0.6961755924168256,-0.1403609335168559,-0.8690982002777432
-0.48023752166252515,0.18259879296170223,0.1190894795684948,-0.5322310092134221,-0.5232997106237697,-0.20238941663693522,-0.20647229599220734,0.19194495564061698,0.18186534723228936,0.01318152372530521,-0.47673412984879604,-2.149774758670001,1.3781067559790532,0.19640009022723806,-1.25743895812169,1.0801689231514566,0.34853739430852265
-0.48023752166252515,-1.2220073067436994,-0.10144659370649557,0.2280990039486095,0.2242713045530442,0.4300775103534873,0.43875362898344067,-0.051023342638645004,-0.0483439530617478,0.23287358581372514,1.6142050361546953,2.2465066207979447,-0.04134937422776381,-0.5310076513551248,-0.5448743804176723,-0.1403609335168559,-0.19551255220874506
-0.48023752166252515,0.18259879296170223,0.1190894795684948,0.2280990039486095,0.2242713045530442,-0.20238941663693522,-0.20647229599220734,-0.051023342638645004,-0.0483439530617478,0.01318152372530521,1.7187519944548701,2.097323378157992,-0.5967887295260835,-0.5310076513551248,0.25676076949934773,-0.1403609335168559,-0.7050196449788848
0.6910735067826582,0.18259879296170223,-0.10144659370649557,-0.5322310092134221,-0.5232997106237697,0.4300775103534873,0.43875362898344067,-0.051023342638645004,-0.0483439530617478,0.01318152372530521,-0.47673412984879604,1.1153679104308607,2.2215517029135383,0.19640009022723806,0.6664854016791582,-0.1403609335168559,-0.756833925599577
-0.48023752166252515,0.18259879296170223,0.1190894795684948,0.2280990039486095,0.2242713045530442,0.4300775103534873,0.43875362898344067,-0.051023342638645004,-0.0483439530617478,0.01318152372530521,-0.9994689213496689,1.2782229327197583,-0.8642224931882372,-0.5310076513551248,-0.21828228230333083,-0.1403609335168559,-0.6791125046685387
0.6910735067826582,0.18259879296170223,-0.10144659370649557,-0.5322310092134221,-0.5232997106237697,-0.20238941663693522,-0.20647229599220734,0.19194495564061698,0.18186534723228936,0.23287358581372514,0.8823763280534735,-0.20194826986155576,-0.7373628873484975,-0.5310076513551248,0.2626988076468813,-0.1403609335168559,-0.5323053762432443
-0.48023752166252515,0.18259879296170223,0.1190894795684948,0.2280990039486095,0.2242713045530442,-0.20238941663693522,-0.20647229599220734,-0.051023342638645004,-0.0483439530617478,0.23287358581372514,1.7187519944548701,-0.21079471551675508,1.391821307961728,0.19640009022723806,-0.8892805929746143,-0.1403609335168559,1.0134873289407387
-0.48023752166252515,0.18259879296170223,0.1190894795684948,0.2280990039486095,0.2242713045530442,-0.20238941663693522,-0.20647229599220734,0.19194495564061698,0.18186534723228936,-0.20651053836311475,0.6732824114531243,-1.4291915489373974,-0.4527859337080006,-0.5310076513551248,-0.42017557931946914,0.46990399481730033,-0.5754839434271544
-0.48023752166252515,0.18259879296170223,0.1190894795684948,0.2280990039486095,0.2242713045530442,-0.20238941663693522,-0.20647229599220734,-0.051023342638645004,-0.0483439530617478,0.01318152372530521,-0.3721871715486215,2.469678318008657,-1.045940306958675,0.19640009022723806,0.3873976087450844,-0.1403609335168559,-0.39413396125473177
0.6910735067826582,0.18259879296170223,-0.10144659370649557,0.2280990039486095,0.2242713045530442,-0.20238941663693522,-0.20647229599220734,-0.051023342638645004,-0.0483439530617478,-0.20651053836311475,0.8823763280534735,-1.2735745276391173,-0.14077987610215456,-0.5310076513551248,0.1736282354338791,-0.1403609335168559,-0.2991411134501295
0.6910735067826582,0.18259879296170223,-0.10144659370649557,-0.5322310092134221,-0.5232997106237697,-0.20238941663693522,-0.20647229599220734,-0.051023342638645004,-0.0483439530617478,0.01318152372530521,1.0914702446538225,-2.289307333322464,-0.6962192314004737,-0.5310076513551248,-0.05795525231992685,-0.1403609335168559,0.2967231136878304
0.6910735067826582,0.18259879296170223,-0.10144659370649557,0.2280990039486095,0.2242713045530442,-0.20238941663693522,-0.20647229599220734,-0.051023342638645004,-0.0483439530617478,0.23287358581372514,-2.8813141707528116,-0.35595684649525455,-0.7613633533181781,1.6512155733919636,-0.09952151935266118,-0.1403609335168559,0.6162445108487655
0.6910735067826582,0.18259879296170223,-0.10144659370649557,0.2280990039486095,0.2242713045530442,-0.20238941663693522,-0.20647229599220734,-0.051023342638645004,-0.0483439530617478,-0.20651053836311475,0.6732824114531243,-0.5855623223642934,-1.5636646443046398,0.19640009022723806,-0.4142375411719358,-0.1403609335168559,-0.5841196568639364
-0.48023752166252515,0.18259879296170223,0.1190894795684948,0.2280990039486095,0.2242713045530442,0.4300775103534873,0.43875362898344067,-0.051023342638645004,-0.0483439530617478,0.01318152372530521,0.8823763280534735,-1.6969975855902513,-1.333945898594841,0.19640009022723806,-0.13514974823786194,-0.1403609335168559,-0.5495768031168083
-0.48023752166252515,0.18259879296170223,0.1190894795684948,0.2280990039486095,0.2242713045530442,0.4300775103534873,0.43875362898344067,-0.051023342638645004,-0.0483439530617478,0.23287358581372514,0.4641884948527751,-1.008181157983136,0.7986669347110528,0.9238078318096009,0.07861962507334327,-0.1403609335168559,-0.2300554059558732
-0.48023752166252515,0.18259879296170223,0.1190894795684948,-0.5322310092134221,-0.5232997106237697,-0.20238941663693522,-0.20647229599220734,-0.051023342638645004,-0.0483439530617478,-0.20651053836311475,-1.208562837950018,1.1218016890891875,1.3266771860440234,0.19640009022723806,-0.08764544305759425,0.46990399481730033,0.6248802242855473
-0.48023752166252515,0.18259879296170223,0.1190894795684948,-0.5322310092134221,-0.5232997106237697,-0.20238941663693522,-0.20647229599220734,-0.051023342638645004,-0.0483439530617478,0.01318152372530521,-2.6722202541524624,0.25967534887339333,-1.2859449666554799,-0.5310076513551248,-0.5092461515324713,-0.1403609335168559,-0.808648206220269
-0.48023752166252515,0.18259879296170223,0.1190894795684948,0.2280990039486095,0.2242713045530442,0.4300775103534873,0.43875362898344067,0.19194495564061698,0.18186534723228936,0.23287358581372514,0.255094578252426,-1.3628432065234017,2.3552685847446155,0.9238078318096009,0.6189810964988903,-0.1403609335168559,0.9962159020671748
0.6910735067826582,0.18259879296170223,-0.10144659370649557,0.2280990039486095,0.2242713045530442,-0.20238941663693522,-0.20647229599220734,-0.051023342638645004,-0.0483439530617478,0.01318152372530521,-2.3585793792519385,-2.8880508597130046,0.1506543535296798,-0.5310076513551248,0.41114976133521836,-0.1403609335168559,-0.9813624749559099
-0.48023752166252515,0.18259879296170223,0.1190894795684948,0.2280990039486095,0.2242713045530442,0.4300775103534873,0.43875362898344067,0.19194495564061698,0.18186534723228936,0.23287358581372514,-1.1040158796498434,-2.762592175875631,0.38380173723514766,-0.5310076513551248,-0.3489191215490674,-0.1403609335168559,-0.23869111939265525
-0.48023752166252515,-1.2220073067436994,-0.10144659370649557,0.2280990039486095,0.2242713045530442,0.4300775103534873,0.43875362898344067,0.19194495564061698,0.18186534723228936,0.01318152372530521,0.8823763280534735,-1.9012700579921282,1.7346851075285918,-0.5310076513551248,0.6783614779742251,0.46990399481730033,-0.6791125046685387
-0.48023752166252515,0.18259879296170223,0.1190894795684948,0.2280990039486095,0.2242713045530442,-0.20238941663693522,-0.20647229599220734,-0.051023342638645004,-0.0483439530617478,-0.20651053836311475,1.4051111195543462,-0.01577079993622351,-0.9602243570669591,-0.5310076513551248,-0.3489191215490674,-0.1403609335168559,-0.7827410659099232
0.6910735067826582,0.18259879296170223,-0.10144659370649557,-0.5322310092134221,-0.5232997106237697,0.4300775103534873,0.43875362898344067,-0.051023342638645004,-0.0483439530617478,-0.20651053836311475,-0.2676402132484469,0.8085570906619005,-2.2391063294513613,0.19640009022723806,-0.19453012971319675,0.46990399481730033,-0.29050540001334746
0.6910735067826582,0.18259879296170223,-0.10144659370649557,-0.5322310092134221,-0.5232997106237697,0.4300775103534873,0.43875362898344067,-0.051023342638645004,-0.0483439530617478,0.01318152372530521,0.3596415365526005,-1.4657836650566312,0.4592317731398573,0.19640009022723806,0.10830981581101069,0.46990399481730033,-1.033176755576602
-0.48023752166252515,0.18259879296170223,0.1190894795684948,0.2280990039486095,0.2242713045530442,0.4300775103534873,0.43875362898344067,-0.051023342638645004,-0.0483439530617478,-0.6458946625399548,0.986923286353648,1.3964436155665136,-0.3053544998942491,0.19640009022723806,-0.7111394485486099,0.46990399481730033,-0.9640910480823457
-0.48023752166252515,0.18259879296170223,0.1190894795684948,-0.5322310092134221,-0.5232997106237697,-0.20238941663693522,-0.20647229599220734,0.19194495564061698,0.18186534723228936,0.23287358581372514,0.04600066165207682,-2.8972994165343486,-0.45621457170366897,-0.5310076513551248,0.4645921046630196,-0.1403609335168559,0.0808302777682797
0.6910735067826582,0.18259879296170223,-0.10144659370649557,-0.5322310092134221,-0.5232997106237697,0.4300775103534873,0.43875362898344067,-0.051023342638645004,-0.0483439530617478,0.23287358581372514,-0.6858280464491451,2.106571934979337,0.4455172211571825,0.19640009022723806,-0.13514974823786194,-0.1403609335168559,0.12400884495218986
-0.48023752166252515,0.18259879296170223,0.1190894795684948,-0.5322310092134221,-0.5232997106237697,-0.20238941663693522,-0.20647229599220734,-0.051023342638645004,-0.0483439530617478,0.01318152372530521,1.0914702446538225,0.8053402013327372,-0.5830741775434087,0.9238078318096009,-0.5389363422701386,-0.1403609335168559,-1.015905328703038
-0.48023752166252515,-1.2220073067436994,-0.10144659370649557,-0.5322310092134221,-0.5232997106237697,-0.20238941663693522,-0.20647229599220734,-0.051023342638645004,-0.0483439530617478,0.01318152372530521,-0.8949219630494943,2.20830606001413,-0.09620758215846185,-0.5310076513551248,0.27457488394194823,-0.1403609335168559,-0.808648206220269
0.6910735067826582,0.18259879296170223,-0.10144659370649557,-0.5322310092134221,-0.5232997106237697,-0.20238941663693522,-0.20647229599220734,0.19194495564061698,0.18186534723228936,0.01318152372530521,0.4641884948527751,-1.2675428601469354,0.5518049990229111,-0.5310076513551248,-0.2360963967459313,-0.1403609335168559,0.11537313151540785
-0.48023752166252515,0.18259879296170223,0.1190894795684948,0.2280990039486095,0.2242713045530442,-0.20238941663693522,-0.20647229599220734,-0.051023342638645004,-0.0483439530617478,0.01318152372530521,1.5096580778545208,0.09923299358136782,2.492414104571361,0.19640009022723806,-0.028265061582259443,-0.1403609335168559,0.8580444870786621
0.6910735067826582,0.18259879296170223,-0.10144659370649557,-0.5322310092134221,-0.5232997106237697,-0.20238941663693522,-0.20647229599220734,-0.051023342638645004,-0.0483439530617478,0.23287358581372514,0.04600066165207682,-0.29322750457656793,1.8204010574203078,0.19640009022723806,0.2508227313518143,-0.1403609335168559,0.1758231255728821
-0.48023752166252515,0.18259879296170223,0.1190894795684948,0.2280990039486095,0.2242713045530442,-0.20238941663693522,-0.20647229599220734,-0.051023342638645004,-0.0483439530617478,-0.20651053836311475,-0.1630932549482723,-1.5968719052200397,2.478699552588686,0.19640009022723806,-0.06983132861499378,-0.1403609335168559,0.23627311963035633
-0.48023752166252515,0.18259879296170223,0.1190894795684948,-0.5322310092134221,-0.5232997106237697,-0.20238941663693522,-0.20647229599220734,-0.051023342638645004,-0.0483439530617478,0.01318152372530521,-0.7903750047493197,-0.5501765397434949,1.2512471501393128,-0.5310076513551248,-0.21234424415579725,0.46990399481730033,-0.21278397908230912
0.6910735067826582,0.18259879296170223,-0.10144659370649557,0.2280990039486095,0.2242713045530442,-0.20238941663693522,-0.20647229599220734,-0.051023342638645004,-0.0483439530617478,0.01318152372530521,-0.6858280464491451,1.406094283554004,0.21579847544738415,0.9238078318096009,0.44083995207288573,-0.1403609335168559,-0.8259196330938331
-0.48023752166252515,-1.2220073067436994,-0.10144659370649557,0.2280990039486095,0.2242713045530442,-0.20238941663693522,-0.20647229599220734,-0.051023342638645004,-0.0483439530617478,0.01318152372530521,0.3596415365526005,1.8130307836931752,0.6066632069536092,-0.5310076513551248,-0.08764544305759425,-0.1403609335168559,-0.2559625462662193
0.6910735067826582,0.18259879296170223,-0.10144659370649557,0.2280990039486095,0.2242713045530442,-0.20238941663693522,-0.20647229599220734,-0.051023342638645004,-0.0483439530617478,0.23287358581372514,0.8823763280534735,-1.2775956393005712,1.1689598382432662,-0.5310076513551248,0.7733700883347607,-0.1403609335168559,-0.126426844714489
0.6910735067826582,0.18259879296170223,-0.10144659370649557,0.2280990039486095,0.2242713045530442,0.4300775103534873,0.43875362898344067,-0.051023342638645004,-0.0483439530617478,-0.20651053836311475,-0.7903750047493197,-1.8256731587567872,-0.8265074752358823,-0.5310076513551248,0.14987608284374512,-0.1403609335168559,1.2984658723545457
-0.48023752166252515,0.18259879296170223,0.1190894795684948,0.2280990039486095,0.2242713045530442,-0.20238941663693522,-0.20647229599220734,-0.051023342638645004,-0.0483439530617478,-0.4262026004515347,-0.8949219630494943,1.5560817485262486,-1.7796688380317638,0.9238078318096009,0.850564584252696,-0.1403609335168559,-0.808648206220269
0.6910735067826582,0.18259879296170223,-0.10144659370649557,0.2280990039486095,0.2242713045530442,-0.20238941663693522,-0.20647229599220734,-0.051023342638645004,-0.0483439530617478,0.01318152372530521,-0.3721871715486215,0.5017462708929398,1.3575349280050415,-0.5310076513551248,0.02517728174554203,-0.1403609335168559,-0.2645982597030013
0.6910735067826582,0.18259879296170223,-0.10144659370649557,-0.5322310092134221,-0.5232997106237697,0.4300775103534873,0.43875362898344067,-0.051023342638645004,-0.0483439530617478,0.23287358581372514,1.6142050361546953,-2.1747056509710174,-0.8093642852575392,0.9238078318096009,-0.004512908992125381,-0.1403609335168559,0.06355885089471562
0.6910735067826582,0.18259879296170223,-0.10144659370649557,0.2280990039486095,0.2242713045530442,-0.20238941663693522,-0.20647229599220734,-0.051023342638645004,-0.0483439530617478,0.01318152372530521,0.3596415365526005,-2.7087092796121435,-0.9739389090496339,-0.5310076513551248,-0.17671601527059647,-0.1403609335168559,-0.10051970440414287
-0.48023752166252515,0.18259879296170223,0.1190894795684948,0.2280990039486095,0.2242713045530442,-0.20238941663693522,-0.20647229599220734,-0.051023342638645004,-0.0483439530617478,0.01318152372530521,-1.731297629450891,0.2910400198327366,-0.9567957190712907,-0.5310076513551248,-0.6220688763356076,-0.1403609335168559,-0.8777339137145254
0.6910735067826582,0.18259879296170223,-0.10144659370649557,0.2280990039486095,0.2242713045530442,-0.20238941663693522,-0.20647229599220734,-0.051023342638645004,-0.0483439530617478,0.23287358581372514,-0.8949219630494943,2.2999874058952874,1.78954331545929,0.9238078318096009,0.3873976087450844,-0.1403609335168559,-0.03143399690988659
-0.48023752166252515,0.18259879296170223,0.1190894795684948,-0.5322310092134221,-0.5232997106237697,-0.20238941663693522,-0.20647229599220734,-0.051023342638645004,-0.0483439530617478,0.23287358581372514,-1.731297629450891,-0.7069998945402114,0.06493840363796381,-0.5310076513551248,0.7614940120396938,-0.1403609335168559,-0.42867681500185995
-0.48023752166252515,0.18259879296170223,0.1190894795684948,0.2280990039486095,0.2242713045530442,0.4300775103534873,0.43875362898344067,-0.051023342638645004,-0.0483439530617478,0.01318152372530521,0.3596415365526005,1.7486929971099072,-1.1179417048677167,-0.5310076513551248,-1.1089880044333529,0.46990399481730033,1.3330087261016739
-0.48023752166252515,0.18259879296170223,0.1190894795684948,0.2280990039486095,0.2242713045530442,-0.20238941663693522,-0.20647229599220734,-0.051023342638645004,-0.0483439530617478,0.01318152372530521,-1.731297629450891,1.9071247965712053,-0.1373512381064861,-0.5310076513551248,0.6427332490890241,-0.1403609335168559,1.7734301113775572
0.6910735067826582,0.18259879296170223,-0.10144659370649557,0.2280990039486095,0.2242713045530442,-0.20238941663693522,-0.20647229599220734,-0.051023342638645004,-0.0483439530617478,0.23287358581372514,-0.3721871715486215,-2.0918707507450596,-0.41164227775997675,-0.5310076513551248,-0.21234424415579725,-0.1403609335168559,-0.5927553703007185
-0.48023752166252515,0.18259879296170223,0.1190894795684948,-0.5322310092134221,-0.5232997106237697,0.4300775103534873,0.43875362898344067,-0.051023342638645004,-0.0483439530617478,-0.4262026004515347,0.3596415365526005,-0.8694528056629633,0.10951069758165652,-0.5310076513551248,0.7555559738921603,-0.1403609335168559,2.403837192262646
0.6910735067826582,0.18259879296170223,-0.10144659370649557,-0.5322310092134221,-0.5232997106237697,-0.20238941663693522,-0.20647229599220734,-0.051023342638645004,-0.0483439530617478,0.01318152372530521,0.5687354531529496,1.1929753654969284,-0.8813656831665805,0.9238078318096009,-0.45580380820467015,-0.1403609335168559,-0.5841196568639364
-0.48023752166252515,0.18259879296170223,0.1190894795684948,-0.5322310092134221,-0.5232997106237697,-0.20238941663693522,-0.20647229599220734,-0.051023342638645004,-0.0483439530617478,0.23287358581372514,0.04600066165207682,-0.2715135016047152,0.43865994516584567,-0.5310076513551248,-0.24797247304099823,0.46990399481730033,1.393458720159148
-0.48023752166252515,0.18259879296170223,0.1190894795684948,0.2280990039486095,0.2242713045530442,0.4300775103534873,0.43875362898344067,0.19194495564061698,0.18186534723228936,0.23287358581372514,0.5687354531529496,1.3912161704066233,-2.101960809624616,-0.5310076513551248,0.518034447990821,-0.1403609335168559,-0.0832482775305788
0.6910735067826582,0.18259879296170223,-0.10144659370649557,-0.5322310092134221,-0.5232997106237697,-0.20238941663693522,-0.20647229599220734,0.19194495564061698,0.18186534723228936,0.01318152372530521,0.3596415365526005,-0.24819105396828,0.8055242107023897,0.9238078318096009,0.44083995207288573,-0.1403609335168559,-0.5582125165535904
0.6910735067826582,0.18259879296170223,-0.10144659370649557,0.2280990039486095,0.2242713045530442,0.4300775103534873,0.43875362898344067,-0.051023342638645004,-0.0483439530617478,0.23287358581372514,1.0914702446538225,-1.5377615637966622,0.4283740311788394,0.19640009022723806,0.04299139618814241,-0.1403609335168559,0.2190016927567923
-0.48023752166252515,-1.2220073067436994,-0.10144659370649557,0.2280990039486095,0.2242713045530442,0.4300775103534873,0.43875362898344067,0.19194495564061698,0.18186534723228936,0.23287358581372514,0.6732824114531243,-0.07608747485803748,0.9495270065204731,-0.5310076513551248,-1.0377315466629513,-0.1403609335168559,3.414215664366143
<<<<<<< HEAD
=======
-0.48023752166251493,0.18259879296169113,0.11908947956845839,0.22809900394861254,0.22427130455304464,-0.20238941663694243,-0.20647229599221537,-0.051023342638648404,-0.048343953061750294,0.013181523725304917,-0.16309325494827612,-0.6382388851293477,-0.4630718476950037,1.651215573392011,0.8624406605477578,-0.14036093351685702,-0.5063982359329054
0.6910735067826436,0.18259879296169113,-0.10144659370646454,0.22809900394861254,0.22427130455304464,0.4300775103535026,0.43875362898345777,-0.051023342638648404,-0.048343953061750294,-0.20651053836311015,0.7778293697533171,-0.3973742966082364,-0.8779370451709071,0.1964000902272437,0.14987608284374423,-0.14036093351685702,-0.6272982240478556
0.6910735067826436,0.18259879296169113,-0.10144659370646454,-0.5322310092134293,-0.5232997106237707,-0.20238941663694243,-0.20647229599221537,-0.051023342638648404,-0.048343953061750294,0.013181523725304917,-0.6858280464491612,1.3421586081368908,2.687846470324458,0.1964000902272437,0.10237177766347662,-0.14036093351685702,-0.7222910718524592
-0.48023752166251493,0.18259879296169113,0.11908947956845839,-0.5322310092134293,-0.5232997106237707,-0.20238941663694243,-0.20647229599221537,-0.051023342638648404,-0.048343953061750294,0.23287358581371997,-1.6267506711507544,3.4263007822686506,-0.5830741775434054,0.1964000902272437,0.1855043117289449,-0.14036093351685702,-0.09188399096736218
-0.48023752166251493,0.18259879296169113,0.11908947956845839,0.22809900394861254,0.22427130455304464,-0.20238941663694243,-0.20647229599221537,0.19194495564062974,0.18186534723229875,-0.20651053836311015,-0.5812810881489843,2.8725937064863944,-0.216209912006863,0.9238078318096274,-0.5270602659750687,0.469903994817304,0.21036597932001327
-0.48023752166251493,0.18259879296169113,0.11908947956845839,0.22809900394861254,0.22427130455304464,-0.20238941663694243,-0.20647229599221537,-0.051023342638648404,-0.048343953061750294,0.013181523725304917,-0.5812810881489843,-1.4384401057587521,-1.2310867587247747,0.9238078318096274,-0.24797247304099673,-0.14036093351685702,-0.5668482299903804
0.6910735067826436,0.18259879296169113,-0.10144659370646454,0.22809900394861254,0.22427130455304464,-0.20238941663694243,-0.20647229599221537,0.19194495564062974,0.18186534723229875,-0.4262026004515252,-0.7903750047493382,-3.0046630978952,0.17465481949935988,0.1964000902272437,-1.0139793940728115,-0.14036093351685702,0.7198730720901604
0.6910735067826436,0.18259879296169113,-0.10144659370646454,0.22809900394861254,0.22427130455304464,-0.20238941663694243,-0.20647229599221537,-0.051023342638648404,-0.048343953061750294,0.23287358581371997,-0.16309325494827612,1.7446718854484657,-0.6036460055174174,0.1964000902272437,-0.8180241352042075,-0.14036093351685702,2.0238658010442654
0.6910735067826436,0.18259879296169113,-0.10144659370646454,0.22809900394861254,0.22427130455304464,-0.20238941663694243,-0.20647229599221537,-0.051023342638648404,-0.048343953061750294,0.013181523725304917,1.091470244653848,-0.32057106387445955,-1.7110960781183813,-0.53100765135514,0.33395526541728104,-0.14036093351685702,-0.6186625106110735
-0.48023752166251493,0.18259879296169113,0.11908947956845839,-0.5322310092134293,-0.5232997106237707,-0.20238941663694243,-0.20647229599221537,-0.051023342638648404,-0.048343953061750294,-0.4262026004515252,1.196017202954025,2.265405845606796,0.6032345689579373,0.1964000902272437,-0.6101928000405369,-0.14036093351685702,-0.6704767912317663
0.6910735067826436,0.18259879296169113,-0.10144659370646454,-0.5322310092134293,-0.5232997106237707,-0.20238941663694243,-0.20647229599221537,-0.051023342638648404,-0.048343953061750294,0.23287358581371997,0.2550945782524319,-0.8175804652302094,-0.7339342493528249,-0.53100765135514,-0.06983132861499335,-0.14036093351685702,-0.10915541784092649
-0.48023752166251493,0.18259879296169113,0.11908947956845839,0.22809900394861254,0.22427130455304464,0.4300775103535026,0.43875362898345777,-0.051023342638648404,-0.048343953061750294,0.23287358581371997,-0.26764021324845316,-5.821853927910078,-1.5088064363739326,1.651215573392011,0.21519450246661215,-0.14036093351685702,2.049772941354612
-0.48023752166251493,-1.2220073067436252,-0.10144659370646454,0.22809900394861254,0.22427130455304464,-0.20238941663694243,-0.20647229599221537,-0.051023342638648404,-0.048343953061750294,0.013181523725304917,0.2550945782524319,3.352714438864037,-1.5430928163306188,0.1964000902272437,-0.06983132861499335,0.469903994817304,-0.014162570036322713
0.6910735067826436,0.18259879296169113,-0.10144659370646454,0.22809900394861254,0.22427130455304464,-0.20238941663694243,-0.20647229599221537,-0.051023342638648404,-0.048343953061750294,-0.20651053836311015,0.46418849485278596,2.8263509223796706,-1.903099805875824,0.9238078318096274,-0.06983132861499335,0.469903994817304,0.6680587914694673
-0.48023752166251493,-1.2220073067436252,-0.10144659370646454,0.22809900394861254,0.22427130455304464,0.4300775103535026,0.43875362898345777,-0.051023342638648404,-0.048343953061750294,0.013181523725304917,-0.5812810881489843,1.0606807918350902,-0.3362122418552647,-0.53100765135514,-0.8774045166795419,0.469903994817304,1.5575372754580288
-0.48023752166251493,0.18259879296169113,0.11908947956845839,0.22809900394861254,0.22427130455304464,-0.20238941663694243,-0.20647229599221537,-0.051023342638648404,-0.048343953061750294,0.013181523725304917,-0.5812810881489843,-0.6692014449225462,0.46608904913119253,1.651215573392011,0.29832703653208037,-0.14036093351685702,-0.44594824187543036
0.6910735067826436,0.18259879296169113,-0.10144659370646454,0.22809900394861254,0.22427130455304464,-0.20238941663694243,-0.20647229599221537,-0.051023342638648404,-0.048343953061750294,0.23287358581371997,0.1505476199522549,-0.539721649423718,-1.8825279779018125,-0.53100765135514,0.33395526541728104,-0.14036093351685702,-0.09188399096736218
-0.48023752166251493,0.18259879296169113,0.11908947956845839,0.22809900394861254,0.22427130455304464,-0.20238941663694243,-0.20647229599221537,-0.051023342638648404,-0.048343953061750294,0.013181523725304917,1.8232989527550874,0.4217261488300032,-2.8425466166890256,-0.53100765135514,0.8089983172199567,-0.14036093351685702,-0.0055268565995405545
-0.48023752166251493,-1.2220073067436252,-0.10144659370646454,0.22809900394861254,0.22427130455304464,-0.20238941663694243,-0.20647229599221537,-0.051023342638648404,-0.048343953061750294,0.23287358581371997,1.300564161254202,-2.116801643046091,0.7540946407673558,0.1964000902272437,-0.59831672374547,-0.14036093351685702,-0.9381839077720132
-0.48023752166251493,0.18259879296169113,0.11908947956845839,0.22809900394861254,0.22427130455304464,-0.20238941663694243,-0.20647229599221537,-0.051023342638648404,-0.048343953061750294,-0.20651053836311015,0.8823763280534942,-2.7107198354428905,0.7815237447327051,-0.53100765135514,0.06674354877827596,-0.14036093351685702,1.8166086785614937
0.6910735067826436,0.18259879296169113,-0.10144659370646454,0.22809900394861254,0.22427130455304464,-0.20238941663694243,-0.20647229599221537,0.19194495564062974,0.18186534723229875,0.23287358581371997,0.9869232863536711,-0.3330365100249679,0.6615214148843036,-0.53100765135514,0.38145957059754865,-0.14036093351685702,-0.7481982121628058
-0.48023752166251493,0.18259879296169113,0.11908947956845839,0.22809900394861254,0.22427130455304464,-0.20238941663694243,-0.20647229599221537,0.19194495564062974,0.18186534723229875,-0.20651053836311015,1.196017202954025,-1.8007422664557844,2.499271380562684,0.1964000902272437,0.042991396188142156,1.080168923151465,-0.6359339374846378
0.6910735067826436,0.18259879296169113,-0.10144659370646454,-0.5322310092134293,-0.5232997106237707,-0.20238941663694243,-0.20647229599221537,-0.051023342638648404,-0.048343953061750294,0.23287358581371997,-3.6131428788541173,-0.2067736038553025,-1.1316562568503845,2.3786233149743947,-0.1292117100903278,-0.14036093351685702,0.1153731315154095
-0.48023752166251493,0.18259879296169113,0.11908947956845839,0.22809900394861254,0.22427130455304464,0.4300775103535026,0.43875362898345777,-0.051023342638648404,-0.048343953061750294,-1.3049708488051857,-1.2085628379500462,1.5456268582064783,0.9700988344944793,0.1964000902272437,-1.1564923096136144,-0.14036093351685702,-0.7309267852892414
-0.48023752166251493,-1.2220073067436252,-0.10144659370646454,0.22809900394861254,0.22427130455304464,-0.20238941663694243,-0.20647229599221537,0.19194495564062974,0.18186534723229875,0.013181523725304917,-2.3585793792519936,0.805340201332743,-1.6905242501443694,-0.53100765135514,-0.7111394485486057,-0.14036093351685702,-1.0072696152662703
0.6910735067826436,0.18259879296169113,-0.10144659370646454,0.22809900394861254,0.22427130455304464,-0.20238941663694243,-0.20647229599221537,0.19194495564062974,0.18186534723229875,0.013181523725304917,0.9869232863536711,-1.3564094278650847,1.8306869714073029,0.9238078318096274,0.1261239302536104,-0.14036093351685702,0.09810170464184517
0.6910735067826436,0.18259879296169113,-0.10144659370646454,0.22809900394861254,0.22427130455304464,0.4300775103535026,0.43875362898345777,-0.051023342638648404,-0.048343953061750294,-0.6458946625399404,-0.6858280464491612,-2.538616256332647,2.142693029013147,-0.53100765135514,-1.64934947585889,0.469903994817304,-0.022798283473104874
0.6910735067826436,0.18259879296169113,-0.10144659370646454,0.22809900394861254,0.22427130455304464,0.4300775103535026,0.43875362898345777,-0.051023342638648404,-0.048343953061750294,0.23287358581371997,1.7187519944549103,1.164023361534466,0.21236983745171448,-0.53100765135514,0.031115319893075307,-0.14036093351685702,0.12400884495219165
0.6910735067826436,0.18259879296169113,-0.10144659370646454,0.22809900394861254,0.22427130455304464,-0.20238941663694243,-0.20647229599221537,0.19194495564062974,0.18186534723229875,-0.20651053836311015,-0.4767341298488072,-1.9495233979295927,2.502700018558352,0.1964000902272437,0.6367952109414868,-0.14036093351685702,-0.8604624868409737
0.6910735067826436,0.18259879296169113,-0.10144659370646454,0.22809900394861254,0.22427130455304464,0.4300775103535026,0.43875362898345777,-0.051023342638648404,-0.048343953061750294,0.23287358581371997,0.2550945782524319,-1.2864420849557796,-0.20592399801985722,-0.53100765135514,0.02517728174554188,-0.14036093351685702,-0.42004110156508395
-0.48023752166251493,0.18259879296169113,0.11908947956845839,-0.5322310092134293,-0.5232997106237707,-0.20238941663694243,-0.20647229599221537,-0.051023342638648404,-0.048343953061750294,0.23287358581371997,1.196017202954025,2.688828903557933,0.45237449714851785,-0.53100765135514,0.5655387531710856,-0.14036093351685702,0.7285087855269423
0.6910735067826436,0.18259879296169113,-0.10144659370646454,0.22809900394861254,0.22427130455304464,-0.20238941663694243,-0.20647229599221537,-0.051023342638648404,-0.048343953061750294,0.23287358581371997,0.8823763280534942,0.2721407950239036,-0.8745084071752381,-0.53100765135514,-0.028265061582259273,0.469903994817304,-0.368226820944391
-0.48023752166251493,0.18259879296169113,0.11908947956845839,0.22809900394861254,0.22427130455304464,-0.20238941663694243,-0.20647229599221537,-0.051023342638648404,-0.048343953061750294,-0.6458946625399404,-2.9858611290530557,1.3586451659488532,-0.559073711573725,-0.53100765135514,0.7614940120396892,-0.14036093351685702,-0.6877482181053306
-0.48023752166251493,0.18259879296169113,0.11908947956845839,-0.5322310092134293,-0.5232997106237707,-0.20238941663694243,-0.20647229599221537,-0.051023342638648404,-0.048343953061750294,0.23287358581371997,-0.26764021324845316,0.2041840079453261,-0.2607822059505554,-0.53100765135514,0.6724234398266875,0.469903994817304,0.40035167492922064
-0.48023752166251493,0.18259879296169113,0.11908947956845839,-0.5322310092134293,-0.5232997106237707,0.4300775103535026,0.43875362898345777,0.19194495564062974,0.18186534723229875,0.23287358581371997,1.300564161254202,3.2461549798354987,1.9541179392513728,0.1964000902272437,0.120185892106077,-0.14036093351685702,-0.10915541784092649
0.6910735067826436,0.18259879296169113,-0.10144659370646454,0.22809900394861254,0.22427130455304464,0.4300775103535026,0.43875362898345777,-0.051023342638648404,-0.048343953061750294,-0.20651053836311015,-2.3585793792519936,1.2922968235348578,-0.2024953600241888,-0.53100765135514,0.7139897068594218,0.469903994817304,-0.7481982121628058
-0.48023752166251493,0.18259879296169113,0.11908947956845839,0.22809900394861254,0.22427130455304464,0.4300775103535026,0.43875362898345777,0.19194495564062974,0.18186534723229875,-0.20651053836311015,-0.9994689213496922,0.07993165760638835,-0.4596432096993353,-0.53100765135514,-0.42017557931946664,-0.14036093351685702,-0.9122767674616667
-0.48023752166251493,-1.2220073067436252,-0.10144659370646454,0.22809900394861254,0.22427130455304464,0.4300775103535026,0.43875362898345777,-0.051023342638648404,-0.048343953061750294,0.23287358581371997,-0.16309325494827612,0.12295755238394898,0.05808112764662659,0.1964000902272437,-0.0045129089921253545,-0.14036093351685702,0.10673741807862733
0.6910735067826436,0.18259879296169113,-0.10144659370646454,0.22809900394861254,0.22427130455304464,-0.20238941663694243,-0.20647229599221537,-0.051023342638648404,-0.048343953061750294,0.013181523725304917,1.7187519944549103,-0.27312194626929853,0.1095106975816559,-0.53100765135514,0.785246164629823,0.469903994817304,0.7889587795844176
-0.48023752166251493,0.18259879296169113,0.11908947956845839,0.22809900394861254,0.22427130455304464,-0.20238941663694243,-0.20647229599221537,-0.051023342638648404,-0.048343953061750294,-0.6458946625399404,-1.2085628379500462,2.8038326970755265,-0.884794321162244,-0.53100765135514,-0.33110500710646495,0.469903994817304,2.4297443325730264
-0.48023752166251493,0.18259879296169113,0.11908947956845839,-0.5322310092134293,-0.5232997106237707,0.4300775103535026,0.43875362898345777,-0.051023342638648404,-0.048343953061750294,0.013181523725304917,0.5687354531529629,-0.49790208814459364,0.24665621740840069,-0.53100765135514,0.19144234987647832,-0.14036093351685702,0.08083027776828086
-0.48023752166251493,-1.2220073067436252,-0.10144659370646454,0.22809900394861254,0.22427130455304464,-0.20238941663694243,-0.20647229599221537,0.19194495564062974,0.18186534723229875,0.23287358581371997,-1.2085628379500462,3.7399474918620856,-1.1213703428633788,0.9238078318096274,0.07268158692580938,-0.14036093351685702,0.21036597932001327
-0.48023752166251493,-1.2220073067436252,-0.10144659370646454,0.22809900394861254,0.22427130455304464,-0.20238941663694243,-0.20647229599221537,-0.051023342638648404,-0.048343953061750294,0.23287358581371997,1.614205036154733,-0.6828732245714909,-1.5670932823002992,-0.53100765135514,0.47053014281055033,-0.14036093351685702,-0.4545839553122125
-0.48023752166251493,-1.2220073067436252,-0.10144659370646454,0.22809900394861254,0.22427130455304464,-0.20238941663694243,-0.20647229599221537,-0.051023342638648404,-0.048343953061750294,-0.20651053836311015,1.091470244653848,2.6289143398022645,0.6615214148843036,0.1964000902272437,0.6724234398266875,-0.14036093351685702,1.3243730126649107
-0.48023752166251493,0.18259879296169113,0.11908947956845839,0.22809900394861254,0.22427130455304464,0.4300775103535026,0.43875362898345777,-0.051023342638648404,-0.048343953061750294,0.23287358581371997,1.509658077854556,-1.9945598485378808,0.6066632069536058,-0.53100765135514,0.6961755924168214,-0.14036093351685702,-0.8690982002777558
-0.48023752166251493,0.18259879296169113,0.11908947956845839,-0.5322310092134293,-0.5232997106237707,-0.20238941663694243,-0.20647229599221537,0.19194495564062974,0.18186534723229875,0.013181523725304917,-0.4767341298488072,-2.1497747586700164,1.3781067559790454,0.1964000902272437,-1.2574389581216825,1.080168923151465,0.34853739430852765
-0.48023752166251493,-1.2220073067436252,-0.10144659370646454,0.22809900394861254,0.22427130455304464,0.4300775103535026,0.43875362898345777,-0.051023342638648404,-0.048343953061750294,0.23287358581371997,1.614205036154733,2.2465066207979607,-0.04134937422776357,-0.53100765135514,-0.5448743804176691,-0.14036093351685702,-0.1955125522087479
-0.48023752166251493,0.18259879296169113,0.11908947956845839,0.22809900394861254,0.22427130455304464,-0.20238941663694243,-0.20647229599221537,-0.051023342638648404,-0.048343953061750294,0.013181523725304917,1.7187519944549103,2.0973233781580065,-0.5967887295260802,-0.53100765135514,0.25676076949934623,-0.14036093351685702,-0.705019644978895
0.6910735067826436,0.18259879296169113,-0.10144659370646454,-0.5322310092134293,-0.5232997106237707,0.4300775103535026,0.43875362898345777,-0.051023342638648404,-0.048343953061750294,0.013181523725304917,-0.4767341298488072,1.1153679104308687,2.221551702913526,0.1964000902272437,0.6664854016791542,-0.14036093351685702,-0.756833925599588
-0.48023752166251493,0.18259879296169113,0.11908947956845839,0.22809900394861254,0.22427130455304464,0.4300775103535026,0.43875362898345777,-0.051023342638648404,-0.048343953061750294,0.013181523725304917,-0.9994689213496922,1.2782229327197674,-0.8642224931882323,-0.53100765135514,-0.21828228230332952,-0.14036093351685702,-0.6791125046685484
0.6910735067826436,0.18259879296169113,-0.10144659370646454,-0.5322310092134293,-0.5232997106237707,-0.20238941663694243,-0.20647229599221537,0.19194495564062974,0.18186534723229875,0.23287358581371997,0.8823763280534942,-0.2019482698615572,-0.7373628873484933,-0.53100765135514,0.26269880764687975,-0.14036093351685702,-0.5323053762432519
-0.48023752166251493,0.18259879296169113,0.11908947956845839,0.22809900394861254,0.22427130455304464,-0.20238941663694243,-0.20647229599221537,-0.051023342638648404,-0.048343953061750294,0.23287358581371997,1.7187519944549103,-0.21079471551675658,1.39182130796172,0.1964000902272437,-0.8892805929746089,-0.14036093351685702,1.0134873289407533
-0.48023752166251493,0.18259879296169113,0.11908947956845839,0.22809900394861254,0.22427130455304464,-0.20238941663694243,-0.20647229599221537,0.19194495564062974,0.18186534723229875,-0.20651053836311015,0.67328241145314,-1.4291915489374076,-0.45278593370799797,-0.53100765135514,-0.42017557931946664,0.469903994817304,-0.5754839434271626
-0.48023752166251493,0.18259879296169113,0.11908947956845839,0.22809900394861254,0.22427130455304464,-0.20238941663694243,-0.20647229599221537,-0.051023342638648404,-0.048343953061750294,0.013181523725304917,-0.3721871715486302,2.4696783180086745,-1.045940306958669,0.1964000902272437,0.38739760874508206,-0.14036093351685702,-0.39413396125473743
0.6910735067826436,0.18259879296169113,-0.10144659370646454,0.22809900394861254,0.22427130455304464,-0.20238941663694243,-0.20647229599221537,-0.051023342638648404,-0.048343953061750294,-0.20651053836311015,0.8823763280534942,-1.2735745276391264,-0.14077987610215376,-0.53100765135514,0.17362823543387806,-0.14036093351685702,-0.2991411134501338
0.6910735067826436,0.18259879296169113,-0.10144659370646454,-0.5322310092134293,-0.5232997106237707,-0.20238941663694243,-0.20647229599221537,-0.051023342638648404,-0.048343953061750294,0.013181523725304917,1.091470244653848,-2.2893073333224803,-0.6962192314004698,-0.53100765135514,-0.0579552523199265,-0.14036093351685702,0.29672311368783466
0.6910735067826436,0.18259879296169113,-0.10144659370646454,0.22809900394861254,0.22427130455304464,-0.20238941663694243,-0.20647229599221537,-0.051023342638648404,-0.048343953061750294,0.23287358581371997,-2.881314170752879,-0.3559568464952571,-0.7613633533181737,1.651215573392011,-0.09952151935266058,-0.14036093351685702,0.6162445108487744
0.6910735067826436,0.18259879296169113,-0.10144659370646454,0.22809900394861254,0.22427130455304464,-0.20238941663694243,-0.20647229599221537,-0.051023342638648404,-0.048343953061750294,-0.20651053836311015,0.67328241145314,-0.5855623223642975,-1.563664644304631,0.1964000902272437,-0.41423754117193334,-0.14036093351685702,-0.5841196568639447
-0.48023752166251493,0.18259879296169113,0.11908947956845839,0.22809900394861254,0.22427130455304464,0.4300775103535026,0.43875362898345777,-0.051023342638648404,-0.048343953061750294,0.013181523725304917,0.8823763280534942,-1.6969975855902633,-1.3339458985948334,0.1964000902272437,-0.1351497482378611,-0.14036093351685702,-0.5495768031168163
-0.48023752166251493,0.18259879296169113,0.11908947956845839,0.22809900394861254,0.22427130455304464,0.4300775103535026,0.43875362898345777,-0.051023342638648404,-0.048343953061750294,0.23287358581371997,0.46418849485278596,-1.0081811579831432,0.7986669347110482,0.9238078318096274,0.07861962507334282,-0.14036093351685702,-0.2300554059558765
-0.48023752166251493,0.18259879296169113,0.11908947956845839,-0.5322310092134293,-0.5232997106237707,-0.20238941663694243,-0.20647229599221537,-0.051023342638648404,-0.048343953061750294,-0.20651053836311015,-1.2085628379500462,1.1218016890891955,1.3266771860440159,0.1964000902272437,-0.08764544305759372,0.469903994817304,0.6248802242855563
-0.48023752166251493,0.18259879296169113,0.11908947956845839,-0.5322310092134293,-0.5232997106237707,-0.20238941663694243,-0.20647229599221537,-0.051023342638648404,-0.048343953061750294,0.013181523725304917,-2.672220254152525,0.25967534887339516,-1.2859449666554725,-0.53100765135514,-0.5092461515324683,-0.14036093351685702,-0.8086482062202807
-0.48023752166251493,0.18259879296169113,0.11908947956845839,0.22809900394861254,0.22427130455304464,0.4300775103535026,0.43875362898345777,0.19194495564062974,0.18186534723229875,0.23287358581371997,0.2550945782524319,-1.3628432065234113,2.355268584744602,0.9238078318096274,0.6189810964988866,-0.14036093351685702,0.9962159020671891
0.6910735067826436,0.18259879296169113,-0.10144659370646454,0.22809900394861254,0.22427130455304464,-0.20238941663694243,-0.20647229599221537,-0.051023342638648404,-0.048343953061750294,0.013181523725304917,-2.3585793792519936,-2.888050859713025,0.15065435352967893,-0.53100765135514,0.4111497613352159,-0.14036093351685702,-0.981362474955924
-0.48023752166251493,0.18259879296169113,0.11908947956845839,0.22809900394861254,0.22427130455304464,0.4300775103535026,0.43875362898345777,0.19194495564062974,0.18186534723229875,0.23287358581371997,-1.1040158796498691,-2.7625921758756506,0.3838017372351455,-0.53100765135514,-0.3489191215490653,-0.14036093351685702,-0.2386911193926587
-0.48023752166251493,-1.2220073067436252,-0.10144659370646454,0.22809900394861254,0.22427130455304464,0.4300775103535026,0.43875362898345777,0.19194495564062974,0.18186534723229875,0.013181523725304917,0.8823763280534942,-1.9012700579921418,1.734685107528582,-0.53100765135514,0.678361477974221,0.469903994817304,-0.6791125046685484
-0.48023752166251493,0.18259879296169113,0.11908947956845839,0.22809900394861254,0.22427130455304464,-0.20238941663694243,-0.20647229599221537,-0.051023342638648404,-0.048343953061750294,-0.20651053836311015,1.405111119554379,-0.01577079993622362,-0.9602243570669536,-0.53100765135514,-0.3489191215490653,-0.14036093351685702,-0.7827410659099344
0.6910735067826436,0.18259879296169113,-0.10144659370646454,-0.5322310092134293,-0.5232997106237707,0.4300775103535026,0.43875362898345777,-0.051023342638648404,-0.048343953061750294,-0.20651053836311015,-0.26764021324845316,0.8085570906619063,-2.239106329451349,0.1964000902272437,-0.19453012971319558,0.469903994817304,-0.2905054000133516
0.6910735067826436,0.18259879296169113,-0.10144659370646454,-0.5322310092134293,-0.5232997106237707,0.4300775103535026,0.43875362898345777,-0.051023342638648404,-0.048343953061750294,0.013181523725304917,0.35964153655260894,-1.4657836650566416,0.4592317731398547,0.1964000902272437,0.10830981581101004,0.469903994817304,-1.033176755576617
-0.48023752166251493,0.18259879296169113,0.11908947956845839,0.22809900394861254,0.22427130455304464,0.4300775103535026,0.43875362898345777,-0.051023342638648404,-0.048343953061750294,-0.6458946625399404,0.9869232863536711,1.3964436155665236,-0.3053544998942474,0.1964000902272437,-0.7111394485486057,0.469903994817304,-0.9640910480823597
-0.48023752166251493,0.18259879296169113,0.11908947956845839,-0.5322310092134293,-0.5232997106237707,-0.20238941663694243,-0.20647229599221537,0.19194495564062974,0.18186534723229875,0.23287358581371997,0.0460006616520779,-2.8972994165343695,-0.4562145717036664,-0.53100765135514,0.4645921046630168,-0.14036093351685702,0.08083027776828086
0.6910735067826436,0.18259879296169113,-0.10144659370646454,-0.5322310092134293,-0.5232997106237707,0.4300775103535026,0.43875362898345777,-0.051023342638648404,-0.048343953061750294,0.23287358581371997,-0.6858280464491612,2.106571934979352,0.44551722115718,0.1964000902272437,-0.1351497482378611,-0.14036093351685702,0.12400884495219165
-0.48023752166251493,0.18259879296169113,0.11908947956845839,-0.5322310092134293,-0.5232997106237707,-0.20238941663694243,-0.20647229599221537,-0.051023342638648404,-0.048343953061750294,0.013181523725304917,1.091470244653848,0.805340201332743,-0.5830741775434054,0.9238078318096274,-0.5389363422701354,-0.14036093351685702,-1.0159053287030526
-0.48023752166251493,-1.2220073067436252,-0.10144659370646454,-0.5322310092134293,-0.5232997106237707,-0.20238941663694243,-0.20647229599221537,-0.051023342638648404,-0.048343953061750294,0.013181523725304917,-0.8949219630495152,2.2083060600141455,-0.09620758215846131,-0.53100765135514,0.2745748839419466,-0.14036093351685702,-0.8086482062202807
0.6910735067826436,0.18259879296169113,-0.10144659370646454,-0.5322310092134293,-0.5232997106237707,-0.20238941663694243,-0.20647229599221537,0.19194495564062974,0.18186534723229875,0.013181523725304917,0.46418849485278596,-1.2675428601469445,0.551804999022908,-0.53100765135514,-0.2360963967459299,-0.14036093351685702,0.1153731315154095
-0.48023752166251493,0.18259879296169113,0.11908947956845839,0.22809900394861254,0.22427130455304464,-0.20238941663694243,-0.20647229599221537,-0.051023342638648404,-0.048343953061750294,0.013181523725304917,1.509658077854556,0.09923299358136853,2.492414104571347,0.1964000902272437,-0.028265061582259273,-0.14036093351685702,0.8580444870786745
0.6910735067826436,0.18259879296169113,-0.10144659370646454,-0.5322310092134293,-0.5232997106237707,-0.20238941663694243,-0.20647229599221537,-0.051023342638648404,-0.048343953061750294,0.23287358581371997,0.0460006616520779,-0.29322750457657,1.8204010574202976,0.1964000902272437,0.2508227313518128,-0.14036093351685702,0.17582312557288463
-0.48023752166251493,0.18259879296169113,0.11908947956845839,0.22809900394861254,0.22427130455304464,-0.20238941663694243,-0.20647229599221537,-0.051023342638648404,-0.048343953061750294,-0.20651053836311015,-0.16309325494827612,-1.596871905220051,2.4786995525886724,0.1964000902272437,-0.06983132861499335,-0.14036093351685702,0.23627311963035974
-0.48023752166251493,0.18259879296169113,0.11908947956845839,-0.5322310092134293,-0.5232997106237707,-0.20238941663694243,-0.20647229599221537,-0.051023342638648404,-0.048343953061750294,0.013181523725304917,-0.7903750047493382,-0.5501765397434988,1.2512471501393057,-0.53100765135514,-0.21234424415579597,0.469903994817304,-0.21278397908231217
0.6910735067826436,0.18259879296169113,-0.10144659370646454,0.22809900394861254,0.22427130455304464,-0.20238941663694243,-0.20647229599221537,-0.051023342638648404,-0.048343953061750294,0.013181523725304917,-0.6858280464491612,1.406094283554014,0.21579847544738293,0.9238078318096274,0.44083995207288307,-0.14036093351685702,-0.825919633093845
-0.48023752166251493,-1.2220073067436252,-0.10144659370646454,0.22809900394861254,0.22427130455304464,-0.20238941663694243,-0.20647229599221537,-0.051023342638648404,-0.048343953061750294,0.013181523725304917,0.35964153655260894,1.813030783693188,0.6066632069536058,-0.53100765135514,-0.08764544305759372,-0.14036093351685702,-0.255962546266223
0.6910735067826436,0.18259879296169113,-0.10144659370646454,0.22809900394861254,0.22427130455304464,-0.20238941663694243,-0.20647229599221537,-0.051023342638648404,-0.048343953061750294,0.23287358581371997,0.8823763280534942,-1.2775956393005803,1.1689598382432598,-0.53100765135514,0.7733700883347562,-0.14036093351685702,-0.1264268447144908
0.6910735067826436,0.18259879296169113,-0.10144659370646454,0.22809900394861254,0.22427130455304464,0.4300775103535026,0.43875362898345777,-0.051023342638648404,-0.048343953061750294,-0.20651053836311015,-0.7903750047493382,-1.8256731587568003,-0.8265074752358776,-0.53100765135514,0.14987608284374423,-0.14036093351685702,1.2984658723545643
-0.48023752166251493,0.18259879296169113,0.11908947956845839,0.22809900394861254,0.22427130455304464,-0.20238941663694243,-0.20647229599221537,-0.051023342638648404,-0.048343953061750294,-0.4262026004515252,-0.8949219630495152,1.5560817485262595,-1.7796688380317538,0.9238078318096274,0.8505645842526909,-0.14036093351685702,-0.8086482062202807
0.6910735067826436,0.18259879296169113,-0.10144659370646454,0.22809900394861254,0.22427130455304464,-0.20238941663694243,-0.20647229599221537,-0.051023342638648404,-0.048343953061750294,0.013181523725304917,-0.3721871715486302,0.5017462708929434,1.3575349280050337,-0.53100765135514,0.02517728174554188,-0.14036093351685702,-0.26459825970300516
0.6910735067826436,0.18259879296169113,-0.10144659370646454,-0.5322310092134293,-0.5232997106237707,0.4300775103535026,0.43875362898345777,-0.051023342638648404,-0.048343953061750294,0.23287358581371997,1.614205036154733,-2.174705650971033,-0.8093642852575347,0.9238078318096274,-0.0045129089921253545,-0.14036093351685702,0.06355885089471654
0.6910735067826436,0.18259879296169113,-0.10144659370646454,0.22809900394861254,0.22427130455304464,-0.20238941663694243,-0.20647229599221537,-0.051023342638648404,-0.048343953061750294,0.013181523725304917,0.35964153655260894,-2.708709279612163,-0.9739389090496283,-0.53100765135514,-0.1767160152705954,-0.14036093351685702,-0.10051970440414432
-0.48023752166251493,0.18259879296169113,0.11908947956845839,0.22809900394861254,0.22427130455304464,-0.20238941663694243,-0.20647229599221537,-0.051023342638648404,-0.048343953061750294,0.013181523725304917,-1.7312976294509315,0.29104001983273864,-0.9567957190712852,-0.53100765135514,-0.6220688763356038,-0.14036093351685702,-0.877733913714538
0.6910735067826436,0.18259879296169113,-0.10144659370646454,0.22809900394861254,0.22427130455304464,-0.20238941663694243,-0.20647229599221537,-0.051023342638648404,-0.048343953061750294,0.23287358581371997,-0.8949219630495152,2.2999874058953034,1.7895433154592797,0.9238078318096274,0.38739760874508206,-0.14036093351685702,-0.031433996909887046
-0.48023752166251493,0.18259879296169113,0.11908947956845839,-0.5322310092134293,-0.5232997106237707,-0.20238941663694243,-0.20647229599221537,-0.051023342638648404,-0.048343953061750294,0.23287358581371997,-1.7312976294509315,-0.7069998945402164,0.06493840363796344,-0.53100765135514,0.7614940120396892,-0.14036093351685702,-0.4286768150018661
-0.48023752166251493,0.18259879296169113,0.11908947956845839,0.22809900394861254,0.22427130455304464,0.4300775103535026,0.43875362898345777,-0.051023342638648404,-0.048343953061750294,0.013181523725304917,0.35964153655260894,1.7486929971099197,-1.1179417048677105,-0.53100765135514,-1.1089880044333462,0.469903994817304,1.3330087261016932
-0.48023752166251493,0.18259879296169113,0.11908947956845839,0.22809900394861254,0.22427130455304464,-0.20238941663694243,-0.20647229599221537,-0.051023342638648404,-0.048343953061750294,0.013181523725304917,-1.7312976294509315,1.9071247965712188,-0.13735123810648533,-0.53100765135514,0.6427332490890202,-0.14036093351685702,1.7734301113775828
0.6910735067826436,0.18259879296169113,-0.10144659370646454,0.22809900394861254,0.22427130455304464,-0.20238941663694243,-0.20647229599221537,-0.051023342638648404,-0.048343953061750294,0.23287358581371997,-0.3721871715486302,-2.0918707507450747,-0.4116422777599744,-0.53100765135514,-0.21234424415579597,-0.14036093351685702,-0.592755370300727
-0.48023752166251493,0.18259879296169113,0.11908947956845839,-0.5322310092134293,-0.5232997106237707,0.4300775103535026,0.43875362898345777,-0.051023342638648404,-0.048343953061750294,-0.4262026004515252,0.35964153655260894,-0.8694528056629696,0.1095106975816559,-0.53100765135514,0.7555559738921558,-0.14036093351685702,2.4038371922626807
0.6910735067826436,0.18259879296169113,-0.10144659370646454,-0.5322310092134293,-0.5232997106237707,-0.20238941663694243,-0.20647229599221537,-0.051023342638648404,-0.048343953061750294,0.013181523725304917,0.5687354531529629,1.1929753654969368,-0.8813656831665755,0.9238078318096274,-0.4558038082046674,-0.14036093351685702,-0.5841196568639447
-0.48023752166251493,0.18259879296169113,0.11908947956845839,-0.5322310092134293,-0.5232997106237707,-0.20238941663694243,-0.20647229599221537,-0.051023342638648404,-0.048343953061750294,0.23287358581371997,0.0460006616520779,-0.27151350160471716,0.43865994516584317,-0.53100765135514,-0.24797247304099673,0.469903994817304,1.393458720159168
-0.48023752166251493,0.18259879296169113,0.11908947956845839,0.22809900394861254,0.22427130455304464,0.4300775103535026,0.43875362898345777,0.19194495564062974,0.18186534723229875,0.23287358581371997,0.5687354531529629,1.391216170406633,-2.101960809624604,-0.53100765135514,0.5180344479908179,-0.14036093351685702,-0.08324827753057999
0.6910735067826436,0.18259879296169113,-0.10144659370646454,-0.5322310092134293,-0.5232997106237707,-0.20238941663694243,-0.20647229599221537,0.19194495564062974,0.18186534723229875,0.013181523725304917,0.35964153655260894,-0.24819105396828178,0.8055242107023851,0.9238078318096274,0.44083995207288307,-0.14036093351685702,-0.5582125165535984
0.6910735067826436,0.18259879296169113,-0.10144659370646454,0.22809900394861254,0.22427130455304464,0.4300775103535026,0.43875362898345777,-0.051023342638648404,-0.048343953061750294,0.23287358581371997,1.091470244653848,-1.537761563796673,0.42837403117883693,0.1964000902272437,0.042991396188142156,-0.14036093351685702,0.21900169275679543
-0.48023752166251493,-1.2220073067436252,-0.10144659370646454,0.22809900394861254,0.22427130455304464,0.4300775103535026,0.43875362898345777,0.19194495564062974,0.18186534723229875,0.23287358581371997,0.67328241145314,-0.07608747485803802,0.9495270065204677,-0.53100765135514,-1.037731546662945,-0.14036093351685702,3.4142156643661923
=======
>>>>>>> 21ec7ea (Implement training script.)
